Scenario,AvgLat(ms),P50(ms),P95(ms),ProdRate,ConsRate,ProdThr(MB/s),ConsThr(MB/s)
pc_1p_16c,2458.012213397619,1985,6036,2947.1706681792616,2801.542437070686,2.87809635564381,2.735881286201842
pc_1p_1c,18997.553114754097,16730,44089,2962.716573340109,195.8689179907404,2.89327790365245,0.19127824022533244
pc_1p_4c,14841.480495836282,13052,34565,2988.1961540023804,787.7765963141926,2.9181603066429496,0.7693130823380787
