{
  "workload": "Consumer Scaling Test",
  "driver": "Kafka",
  "messageSize": 2048,
  "topics": 1,
  "partitions": 1,
  "producersPerTopic": 1,
  "consumersPerTopic": 1,
  "publishRate": [
    1006.2239712369241,
    997.6391947201771,
    992.78001066639,
    1009.4744392928404,
    990.2537576404491
  ],
  "publishErrorRate": [
    0.0,
    0.0,
    0.0,
    0.0,
    0.0
  ],
  "consumeRate": [
    3010.775649309489,
    3000.209100101117,
    3028.7476235321005,
    3064.4081478760877,
    3015.52916032069
  ],
  "backlog": [
    79,
    6,
    0,
    0,
    0
  ],
  "publishLatencyAvg": [
    47,
    50,
    79,
    61,
    56
  ],
  "publishLatency50pct": [
    47,
    50,
    79,
    61,
    56
  ],
  "publishLatency75pct": [
    68,
    71,
    135,
    90,
    97
  ],
  "publishLatency95pct": [
    99,
    110,
    382,
    189,
    832
  ],
  "publishLatency99pct": [
    117,
    144,
    432,
    291,
    1038
  ],
  "publishLatency999pct": [
    133,
    179,
    453,
    321,
    1069
  ],
  "publishLatency9999pct": [
    144,
    185,
    456,
    322,
    1070
  ],
  "publishLatencyMax": [
    144,
    186,
    456,
    322,
    1071
  ],
  "publishDelayLatencyAvg": [
    0,
    0,
    0,
    0,
    0
  ],
  "publishDelayLatency50pct": [
    0,
    0,
    0,
    0,
    0
  ],
  "publishDelayLatency75pct": [
    1,
    1,
    2,
    1,
    1
  ],
  "publishDelayLatency95pct": [
    6,
    7,
    17,
    8,
    7
  ],
  "publishDelayLatency99pct": [
    16,
    17,
    47,
    31,
    18
  ],
  "publishDelayLatency999pct": [
    33,
    44,
    104,
    81,
    32
  ],
  "publishDelayLatency9999pct": [
    42,
    52,
    113,
    90,
    37
  ],
  "publishDelayLatencyMax": [
    43,
    53,
    114,
    91,
    37
  ],
  "aggregatedPublishLatencyAvg": 84.89299500831947,
  "aggregatedPublishLatency50pct": 56,
  "aggregatedPublishLatency75pct": 84,
  "aggregatedPublishLatency95pct": 265,
  "aggregatedPublishLatency99pct": 782,
  "aggregatedPublishLatency999pct": 1055,
  "aggregatedPublishLatency9999pct": 1069,
  "aggregatedPublishLatencyMax": 1071,
  "aggregatedPublishDelayLatencyAvg": 1.7011148086522463,
  "aggregatedPublishDelayLatency50pct": 0,
  "aggregatedPublishDelayLatency75pct": 1,
  "aggregatedPublishDelayLatency95pct": 8,
  "aggregatedPublishDelayLatency99pct": 25,
  "aggregatedPublishDelayLatency999pct": 73,
  "aggregatedPublishDelayLatency9999pct": 108,
  "aggregatedPublishDelayLatencyMax": 114,
  "aggregatedPublishLatencyQuantiles": {
    "50": 56,
    "75": 84,
    "90": 146,
    "95": 265,
    "99": 782,
    "99.9": 1055,
    "99.99": 1069
  },
  "aggregatedPublishDelayLatencyQuantiles": {
    "50": 0,
    "75": 1,
    "90": 5,
    "95": 8,
    "99": 25,
    "99.9": 73,
    "99.99": 108
  },
  "endToEndLatencyAvg": [
    54,
    58,
    90,
    68,
    61
  ],
  "endToEndLatency50pct": [
    54,
    58,
    90,
    68,
    61
  ],
  "endToEndLatency75pct": [
    75,
    80,
    144,
    99,
    103
  ],
  "endToEndLatency95pct": [
    109,
    127,
    391,
    207,
    848
  ],
  "endToEndLatency99pct": [
    133,
    169,
    441,
    296,
    1043
  ],
  "endToEndLatency999pct": [
    153,
    210,
    455,
    325,
    1084
  ],
  "endToEndLatency9999pct": [
    162,
    241,
    460,
    339,
    1099
  ],
  "endToEndLatencyMax": [
    165,
    244,
    461,
    347,
    1101
  ],
  "aggregatedEndToEndLatencyQuantiles": {
    "50": 64,
    "75": 94,
    "90": 161,
    "95": 274,
    "99": 780,
    "99.9": 1057,
    "99.99": 1091
  },
  "aggregatedEndToEndLatencyAvg": 92.92493154894181,
  "aggregatedEndToEndLatency50pct": 64,
  "aggregatedEndToEndLatency75pct": 94,
  "aggregatedEndToEndLatency95pct": 274,
  "aggregatedEndToEndLatency99pct": 780,
  "aggregatedEndToEndLatency999pct": 1057,
  "aggregatedEndToEndLatency9999pct": 1091,
  "aggregatedEndToEndLatencyMax": 1101
}