{
  "workload": "Consumer Scaling Test",
  "driver": "Kafka",
  "messageSize": 1024,
  "topics": 1,
  "partitions": 10,
  "producersPerTopic": 1,
  "consumersPerTopic": 5,
  "publishRate": [
    995.7712704803405,
    1002.2714470620025,
    996.7599935114778,
    1000.2848584552305,
    1003.8664766543544
  ],
  "publishErrorRate": [
    0.0,
    0.0,
    0.0,
    0.0,
    0.0
  ],
  "consumeRate": [
    1013.6635669485177,
    989.0994208760025,
    1014.9264584442926,
    1006.3774571936997,
    987.8006215110789
  ],
  "backlog": [
    0,
    0,
    0,
    0,
    0
  ],
  "publishLatency50pct": [
    52,
    61,
    57,
    58,
    55
  ],
  "publishLatency75pct": [
    74,
    85,
    81,
    81,
    80
  ],
  "publishLatency95pct": [
    111,
    155,
    147,
    143,
    139
  ],
  "publishLatency99pct": [
    162,
    229,
    203,
    185,
    203
  ],
  "publishLatency999pct": [
    215,
    313,
    281,
    260,
    264
  ],
  "publishLatency9999pct": [
    285,
    331,
    301,
    271,
    288
  ],
  "publishLatencyMax": [
    291,
    332,
    309,
    273,
    293
  ],
  "publishDelayLatency50pct": [
    0,
    0,
    0,
    0,
    0
  ],
  "publishDelayLatency75pct": [
    1,
    1,
    1,
    1,
    1
  ],
  "publishDelayLatency95pct": [
    6,
    5,
    6,
    7,
    9
  ],
  "publishDelayLatency99pct": [
    18,
    13,
    13,
    19,
    28
  ],
  "publishDelayLatency999pct": [
    34,
    30,
    36,
    52,
    55
  ],
  "publishDelayLatency9999pct": [
    41,
    35,
    45,
    61,
    62
  ],
  "publishDelayLatencyMax": [
    42,
    36,
    46,
    62,
    63
  ],
  "aggregatedPublishLatencyAvg": 64.32294683578016,
  "aggregatedPublishLatency50pct": 57,
  "aggregatedPublishLatency75pct": 81,
  "aggregatedPublishLatency95pct": 147,
  "aggregatedPublishLatency99pct": 217,
  "aggregatedPublishLatency999pct": 308,
  "aggregatedPublishLatency9999pct": 383,
  "aggregatedPublishLatencyMax": 411,
  "aggregatedPublishDelayLatencyAvg": 1.4228003595326075,
  "aggregatedPublishDelayLatency50pct": 0,
  "aggregatedPublishDelayLatency75pct": 1,
  "aggregatedPublishDelayLatency95pct": 7,
  "aggregatedPublishDelayLatency99pct": 20,
  "aggregatedPublishDelayLatency999pct": 55,
  "aggregatedPublishDelayLatency9999pct": 88,
  "aggregatedPublishDelayLatencyMax": 94,
  "aggregatedPublishLatencyQuantiles": {
    "50": 57,
    "75": 81,
    "90": 114,
    "95": 147,
    "99": 217,
    "99.9": 308,
    "99.99": 383
  },
  "aggregatedPublishDelayLatencyQuantiles": {
    "50": 0,
    "75": 1,
    "90": 4,
    "95": 7,
    "99": 20,
    "99.9": 55,
    "99.99": 88
  },
  "endToEndLatency50pct": [
    56,
    67,
    62,
    63,
    60
  ],
  "endToEndLatency75pct": [
    78,
    92,
    87,
    86,
    83
  ],
  "endToEndLatency95pct": [
    118,
    166,
    156,
    152,
    143
  ],
  "endToEndLatency99pct": [
    165,
    232,
    218,
    201,
    206
  ],
  "endToEndLatency999pct": [
    230,
    328,
    298,
    267,
    272
  ],
  "endToEndLatency9999pct": [
    285,
    363,
    357,
    281,
    302
  ],
  "endToEndLatencyMax": [
    292,
    370,
    357,
    282,
    307
  ],
  "aggregatedEndToEndLatencyQuantiles": {
    "50": 62,
    "75": 86,
    "90": 122,
    "95": 155,
    "99": 228,
    "99.9": 325,
    "99.99": 391
  },
  "aggregatedEndToEndLatencyAvg": 69.09112630251543,
  "aggregatedEndToEndLatency50pct": 62,
  "aggregatedEndToEndLatency75pct": 86,
  "aggregatedEndToEndLatency95pct": 155,
  "aggregatedEndToEndLatency99pct": 228,
  "aggregatedEndToEndLatency999pct": 325,
  "aggregatedEndToEndLatency9999pct": 391,
  "aggregatedEndToEndLatencyMax": 412
}