{
  "workload": "Consumer Scaling Test",
  "driver": "Pulsar",
  "messageSize": 2048,
  "topics": 1,
  "partitions": 1,
  "producersPerTopic": 1,
  "consumersPerTopic": 1,
  "publishRate": [
    1561.5162673637635,
    1003.8311005402716,
    958.3676261486785,
    786.0238790661264,
    1198.1131930399245
  ],
  "publishErrorRate": [
    0.0,
    0.0,
    0.0,
    0.0,
    0.0
  ],
  "consumeRate": [
    4922.913900507994,
    2990.837930068942,
    2951.891959833599,
    2409.568376862945,
    3642.1923277184724
  ],
  "backlog": [
    0,
    0,
    0,
    0,
    0
  ],
  "publishLatencyAvg": [
    433,
    62,
    66,
    802,
    607
  ],
  "publishLatency50pct": [
    433,
    62,
    66,
    802,
    607
  ],
  "publishLatency75pct": [
    502,
    119,
    139,
    950,
    905
  ],
  "publishLatency95pct": [
    691,
    261,
    386,
    1703,
    1329
  ],
  "publishLatency99pct": [
    787,
    352,
    494,
    1836,
    1831
  ],
  "publishLatency999pct": [
    813,
    432,
    538,
    1942,
    1861
  ],
  "publishLatency9999pct": [
    813,
    441,
    546,
    1948,
    1866
  ],
  "publishLatencyMax": [
    817,
    442,
    546,
    1949,
    1867
  ],
  "publishDelayLatencyAvg": [
    1367,
    0,
    0,
    0,
    285
  ],
  "publishDelayLatency50pct": [
    1367,
    0,
    0,
    0,
    285
  ],
  "publishDelayLatency75pct": [
    3410,
    0,
    0,
    1,
    616
  ],
  "publishDelayLatency95pct": [
    4822,
    5,
    4,
    84,
    884
  ],
  "publishDelayLatency99pct": [
    5071,
    42,
    9,
    219,
    981
  ],
  "publishDelayLatency999pct": [
    5165,
    80,
    54,
    277,
    1027
  ],
  "publishDelayLatency9999pct": [
    5170,
    88,
    62,
    283,
    1036
  ],
  "publishDelayLatencyMax": [
    5172,
    89,
    63,
    283,
    1037
  ],
  "aggregatedPublishLatencyAvg": 460.01928757324646,
  "aggregatedPublishLatency50pct": 406,
  "aggregatedPublishLatency75pct": 699,
  "aggregatedPublishLatency95pct": 1355,
  "aggregatedPublishLatency99pct": 1896,
  "aggregatedPublishLatency999pct": 2273,
  "aggregatedPublishLatency9999pct": 2631,
  "aggregatedPublishLatencyMax": 2631,
  "aggregatedPublishDelayLatencyAvg": 531.9375568789616,
  "aggregatedPublishDelayLatency50pct": 1,
  "aggregatedPublishDelayLatency75pct": 414,
  "aggregatedPublishDelayLatency95pct": 3786,
  "aggregatedPublishDelayLatency99pct": 4856,
  "aggregatedPublishDelayLatency999pct": 5143,
  "aggregatedPublishDelayLatency9999pct": 5168,
  "aggregatedPublishDelayLatencyMax": 5172,
  "aggregatedPublishLatencyQuantiles": {
    "50": 406,
    "75": 699,
    "90": 1066,
    "95": 1355,
    "99": 1896,
    "99.9": 2273,
    "99.99": 2631
  },
  "aggregatedPublishDelayLatencyQuantiles": {
    "50": 1,
    "75": 414,
    "90": 2193,
    "95": 3786,
    "99": 4856,
    "99.9": 5143,
    "99.99": 5168
  },
  "endToEndLatencyAvg": [
    523,
    88,
    87,
    1030,
    813
  ],
  "endToEndLatency50pct": [
    523,
    88,
    87,
    1030,
    813
  ],
  "endToEndLatency75pct": [
    603,
    157,
    185,
    1276,
    1213
  ],
  "endToEndLatency95pct": [
    860,
    313,
    517,
    2200,
    1731
  ],
  "endToEndLatency99pct": [
    990,
    379,
    663,
    2400,
    2337
  ],
  "endToEndLatency999pct": [
    1049,
    418,
    729,
    2506,
    2480
  ],
  "endToEndLatency9999pct": [
    1052,
    440,
    738,
    2525,
    2508
  ],
  "endToEndLatencyMax": [
    1056,
    443,
    740,
    2526,
    2509
  ],
  "aggregatedEndToEndLatencyQuantiles": {
    "50": 520,
    "75": 982,
    "90": 1447,
    "95": 1642,
    "99": 2396,
    "99.9": 3386,
    "99.99": 3743
  },
  "aggregatedEndToEndLatencyAvg": 619.6029437311477,
  "aggregatedEndToEndLatency50pct": 520,
  "aggregatedEndToEndLatency75pct": 982,
  "aggregatedEndToEndLatency95pct": 1642,
  "aggregatedEndToEndLatency99pct": 2396,
  "aggregatedEndToEndLatency999pct": 3386,
  "aggregatedEndToEndLatency9999pct": 3743,
  "aggregatedEndToEndLatencyMax": 3762
}