{
  "workload": "Consumer Scaling Test",
  "driver": "Kafka",
  "messageSize": 204,
  "topics": 1,
  "partitions": 1,
  "producersPerTopic": 1,
  "consumersPerTopic": 1,
  "publishRate": [
    15514.198012765104,
    14586.74879738984,
    15153.238726456932,
    15185.723215521635,
    15464.53338809219
  ],
  "publishErrorRate": [
    0.0,
    0.0,
    0.0,
    0.0,
    0.0
  ],
  "consumeRate": [
    15563.19769065102,
    14625.475385777918,
    15141.740527336944,
    15379.04935278886,
    15493.789749844242
  ],
  "backlog": [
    0,
    0,
    0,
    0,
    0
  ],
  "publishLatency50pct": [
    47,
    53,
    47,
    76,
    61
  ],
  "publishLatency75pct": [
    78,
    93,
    86,
    108,
    83
  ],
  "publishLatency95pct": [
    158,
    191,
    248,
    441,
    109
  ],
  "publishLatency99pct": [
    208,
    345,
    284,
    515,
    122
  ],
  "publishLatency999pct": [
    239,
    429,
    301,
    559,
    168
  ],
  "publishLatency9999pct": [
    240,
    436,
    303,
    561,
    170
  ],
  "publishLatencyMax": [
    240,
    437,
    303,
    562,
    170
  ],
  "publishDelayLatency50pct": [
    0,
    0,
    0,
    0,
    0
  ],
  "publishDelayLatency75pct": [
    0,
    0,
    0,
    0,
    0
  ],
  "publishDelayLatency95pct": [
    0,
    0,
    0,
    0,
    0
  ],
  "publishDelayLatency99pct": [
    0,
    0,
    0,
    0,
    0
  ],
  "publishDelayLatency999pct": [
    0,
    0,
    0,
    0,
    0
  ],
  "publishDelayLatency9999pct": [
    0,
    0,
    0,
    0,
    0
  ],
  "publishDelayLatencyMax": [
    0,
    0,
    0,
    0,
    0
  ],
  "aggregatedPublishLatencyAvg": 70.01224082891167,
  "aggregatedPublishLatency50pct": 54,
  "aggregatedPublishLatency75pct": 89,
  "aggregatedPublishLatency95pct": 190,
  "aggregatedPublishLatency99pct": 418,
  "aggregatedPublishLatency999pct": 548,
  "aggregatedPublishLatency9999pct": 560,
  "aggregatedPublishLatencyMax": 562,
  "aggregatedPublishDelayLatencyAvg": 0.0,
  "aggregatedPublishDelayLatency50pct": 0,
  "aggregatedPublishDelayLatency75pct": 0,
  "aggregatedPublishDelayLatency95pct": 0,
  "aggregatedPublishDelayLatency99pct": 0,
  "aggregatedPublishDelayLatency999pct": 0,
  "aggregatedPublishDelayLatency9999pct": 0,
  "aggregatedPublishDelayLatencyMax": 0,
  "aggregatedPublishLatencyQuantiles": {
    "50": 54,
    "75": 89,
    "90": 124,
    "95": 190,
    "99": 418,
    "99.9": 548,
    "99.99": 560
  },
  "aggregatedPublishDelayLatencyQuantiles": {},
  "endToEndLatency50pct": [
    59,
    71,
    60,
    102,
    73
  ],
  "endToEndLatency75pct": [
    98,
    102,
    98,
    171,
    99
  ],
  "endToEndLatency95pct": [
    203,
    207,
    262,
    500,
    121
  ],
  "endToEndLatency99pct": [
    264,
    330,
    305,
    547,
    159
  ],
  "endToEndLatency999pct": [
    363,
    424,
    345,
    576,
    177
  ],
  "endToEndLatency9999pct": [
    364,
    427,
    346,
    577,
    181
  ],
  "endToEndLatencyMax": [
    364,
    427,
    346,
    577,
    181
  ],
  "aggregatedEndToEndLatencyQuantiles": {
    "50": 72,
    "75": 104,
    "90": 166,
    "95": 234,
    "99": 480,
    "99.9": 572,
    "99.99": 576
  },
  "aggregatedEndToEndLatencyAvg": 88.88967284909448,
  "aggregatedEndToEndLatency50pct": 72,
  "aggregatedEndToEndLatency75pct": 104,
  "aggregatedEndToEndLatency95pct": 234,
  "aggregatedEndToEndLatency99pct": 480,
  "aggregatedEndToEndLatency999pct": 572,
  "aggregatedEndToEndLatency9999pct": 576,
  "aggregatedEndToEndLatencyMax": 577
}