{
  "workload": "Consumer Scaling Test",
  "driver": "Pulsar",
  "messageSize": 204,
  "topics": 1,
  "partitions": 1,
  "producersPerTopic": 1,
  "consumersPerTopic": 1,
  "publishRate": [
    6081.872471026192,
    8623.573017230066,
    5757.936065027931,
    3174.1131174770458,
    1852.601771487076
  ],
  "publishErrorRate": [
    0.0,
    0.0,
    0.0,
    0.0,
    0.0
  ],
  "consumeRate": [
    5577.857070245238,
    8874.858451997809,
    6587.551732368309,
    2580.815399298626,
    1755.4242079133408
  ],
  "backlog": [
    5042,
    2525,
    0,
    172,
    1155
  ],
  "publishLatency50pct": [
    108,
    90,
    121,
    193,
    494
  ],
  "publishLatency75pct": [
    156,
    118,
    160,
    379,
    732
  ],
  "publishLatency95pct": [
    521,
    179,
    268,
    1026,
    1094
  ],
  "publishLatency99pct": [
    700,
    225,
    488,
    1106,
    1151
  ],
  "publishLatency999pct": [
    745,
    267,
    564,
    1117,
    1159
  ],
  "publishLatency9999pct": [
    750,
    282,
    566,
    1118,
    1159
  ],
  "publishLatencyMax": [
    751,
    297,
    566,
    1277,
    1160
  ],
  "publishDelayLatency50pct": [
    0,
    0,
    0,
    0,
    0
  ],
  "publishDelayLatency75pct": [
    0,
    0,
    0,
    0,
    0
  ],
  "publishDelayLatency95pct": [
    0,
    0,
    0,
    0,
    0
  ],
  "publishDelayLatency99pct": [
    0,
    0,
    0,
    0,
    0
  ],
  "publishDelayLatency999pct": [
    0,
    0,
    0,
    0,
    0
  ],
  "publishDelayLatency9999pct": [
    0,
    0,
    0,
    0,
    0
  ],
  "publishDelayLatencyMax": [
    0,
    0,
    0,
    0,
    0
  ],
  "aggregatedPublishLatencyAvg": 178.30392189320904,
  "aggregatedPublishLatency50pct": 116,
  "aggregatedPublishLatency75pct": 185,
  "aggregatedPublishLatency95pct": 585,
  "aggregatedPublishLatency99pct": 1026,
  "aggregatedPublishLatency999pct": 1116,
  "aggregatedPublishLatency9999pct": 1158,
  "aggregatedPublishLatencyMax": 1277,
  "aggregatedPublishDelayLatencyAvg": 0.0,
  "aggregatedPublishDelayLatency50pct": 0,
  "aggregatedPublishDelayLatency75pct": 0,
  "aggregatedPublishDelayLatency95pct": 0,
  "aggregatedPublishDelayLatency99pct": 0,
  "aggregatedPublishDelayLatency999pct": 0,
  "aggregatedPublishDelayLatency9999pct": 0,
  "aggregatedPublishDelayLatencyMax": 0,
  "aggregatedPublishLatencyQuantiles": {
    "50": 116,
    "75": 185,
    "90": 410,
    "95": 585,
    "99": 1026,
    "99.9": 1116,
    "99.99": 1158
  },
  "aggregatedPublishDelayLatencyQuantiles": {},
  "endToEndLatency50pct": [
    164,
    215,
    164,
    281,
    786
  ],
  "endToEndLatency75pct": [
    250,
    291,
    209,
    574,
    1093
  ],
  "endToEndLatency95pct": [
    599,
    367,
    331,
    1182,
    1386
  ],
  "endToEndLatency99pct": [
    848,
    414,
    650,
    1361,
    1550
  ],
  "endToEndLatency999pct": [
    919,
    438,
    678,
    1364,
    1623
  ],
  "endToEndLatency9999pct": [
    920,
    439,
    679,
    1364,
    1624
  ],
  "endToEndLatencyMax": [
    920,
    439,
    679,
    1364,
    1624
  ],
  "aggregatedEndToEndLatencyQuantiles": {
    "50": 206,
    "75": 305,
    "90": 555,
    "95": 784,
    "99": 1258,
    "99.9": 1526,
    "99.99": 1623
  },
  "aggregatedEndToEndLatencyAvg": 279.92352660266437,
  "aggregatedEndToEndLatency50pct": 206,
  "aggregatedEndToEndLatency75pct": 305,
  "aggregatedEndToEndLatency95pct": 784,
  "aggregatedEndToEndLatency99pct": 1258,
  "aggregatedEndToEndLatency999pct": 1526,
  "aggregatedEndToEndLatency9999pct": 1623,
  "aggregatedEndToEndLatencyMax": 1624
}