{
  "workload": "max-rate-1-topic-100-partitions-100p-100c-64kb",
  "driver": "Pulsar",
  "messageSize": 655,
  "topics": 1,
  "partitions": 1,
  "producersPerTopic": 1,
  "consumersPerTopic": 1,
  "publishRate": [
    6966.814936095169,
    6732.691336990278,
    5745.60570986148,
    6300.9240035782705,
    6977.475949517453
  ],
  "publishErrorRate": [
    0.0,
    0.0,
    0.0,
    0.0,
    0.0
  ],
  "consumeRate": [
    7090.677865765876,
    6799.546274458354,
    5895.42775767683,
    6391.279893477299,
    7149.063045125883
  ],
  "backlog": [
    0,
    0,
    0,
    0,
    0
  ],
  "publishLatency50pct": [
    122,
    126,
    132,
    124,
    118
  ],
  "publishLatency75pct": [
    148,
    166,
    176,
    168,
    149
  ],
  "publishLatency95pct": [
    226,
    234,
    251,
    301,
    203
  ],
  "publishLatency99pct": [
    310,
    321,
    382,
    614,
    275
  ],
  "publishLatency999pct": [
    357,
    389,
    411,
    844,
    292
  ],
  "publishLatency9999pct": [
    357,
    391,
    412,
    844,
    339
  ],
  "publishLatencyMax": [
    358,
    391,
    412,
    845,
    356
  ],
  "publishDelayLatency50pct": [
    0,
    0,
    0,
    0,
    0
  ],
  "publishDelayLatency75pct": [
    0,
    0,
    0,
    0,
    0
  ],
  "publishDelayLatency95pct": [
    0,
    0,
    0,
    0,
    0
  ],
  "publishDelayLatency99pct": [
    0,
    0,
    0,
    0,
    0
  ],
  "publishDelayLatency999pct": [
    0,
    0,
    0,
    0,
    0
  ],
  "publishDelayLatency9999pct": [
    0,
    0,
    0,
    0,
    0
  ],
  "publishDelayLatencyMax": [
    0,
    0,
    0,
    0,
    0
  ],
  "aggregatedPublishLatencyAvg": 139.27988147200196,
  "aggregatedPublishLatency50pct": 125,
  "aggregatedPublishLatency75pct": 161,
  "aggregatedPublishLatency95pct": 242,
  "aggregatedPublishLatency99pct": 357,
  "aggregatedPublishLatency999pct": 624,
  "aggregatedPublishLatency9999pct": 844,
  "aggregatedPublishLatencyMax": 845,
  "aggregatedPublishDelayLatencyAvg": 0.0,
  "aggregatedPublishDelayLatency50pct": 0,
  "aggregatedPublishDelayLatency75pct": 0,
  "aggregatedPublishDelayLatency95pct": 0,
  "aggregatedPublishDelayLatency99pct": 0,
  "aggregatedPublishDelayLatency999pct": 0,
  "aggregatedPublishDelayLatency9999pct": 0,
  "aggregatedPublishDelayLatencyMax": 0,
  "aggregatedPublishLatencyQuantiles": {
    "50": 125,
    "75": 161,
    "90": 198,
    "95": 242,
    "99": 357,
    "99.9": 624,
    "99.99": 844
  },
  "aggregatedPublishDelayLatencyQuantiles": {},
  "endToEndLatency50pct": [
    188,
    193,
    209,
    189,
    175
  ],
  "endToEndLatency75pct": [
    221,
    232,
    250,
    235,
    209
  ],
  "endToEndLatency95pct": [
    343,
    330,
    335,
    379,
    271
  ],
  "endToEndLatency99pct": [
    380,
    443,
    457,
    845,
    345
  ],
  "endToEndLatency999pct": [
    391,
    490,
    521,
    1117,
    373
  ],
  "endToEndLatency9999pct": [
    392,
    506,
    521,
    1118,
    375
  ],
  "endToEndLatencyMax": [
    392,
    506,
    522,
    1118,
    378
  ],
  "aggregatedEndToEndLatencyQuantiles": {
    "50": 189,
    "75": 228,
    "90": 280,
    "95": 340,
    "99": 510,
    "99.9": 850,
    "99.99": 1117
  },
  "aggregatedEndToEndLatencyAvg": 203.72303243399827,
  "aggregatedEndToEndLatency50pct": 189,
  "aggregatedEndToEndLatency75pct": 228,
  "aggregatedEndToEndLatency95pct": 340,
  "aggregatedEndToEndLatency99pct": 510,
  "aggregatedEndToEndLatency999pct": 850,
  "aggregatedEndToEndLatency9999pct": 1117,
  "aggregatedEndToEndLatencyMax": 1118
}