{
  "workload": "Consumer Scaling Test",
  "driver": "Pulsar",
  "messageSize": 2048,
  "topics": 1,
  "partitions": 1,
  "producersPerTopic": 1,
  "consumersPerTopic": 1,
  "publishRate": [
    1003.7739089047858,
    765.4514206945429
  ],
  "publishErrorRate": [
    0.0,
    0.0
  ],
  "consumeRate": [
    3061.620419300441,
    2332.8222672094507
  ],
  "backlog": [
    0,
    0
  ],
  "publishLatencyAvg": [
    133.01145646543137,
    782.4880201765448
  ],
  "publishLatency50pct": [
    68,
    329
  ],
  "publishLatency75pct": [
    188,
    826
  ],
  "publishLatency95pct": [
    453,
    3051
  ],
  "publishLatency99pct": [
    661,
    7126
  ],
  "publishLatency999pct": [
    705,
    7879
  ],
  "publishLatency9999pct": [
    712,
    7891
  ],
  "publishLatencyMax": [
    713,
    7892
  ],
  "publishDelayLatencyAvg": [
    0.5704323570432357,
    2266.480423867172
  ],
  "publishDelayLatency50pct": [
    0,
    2
  ],
  "publishDelayLatency75pct": [
    0,
    1663
  ],
  "publishDelayLatency95pct": [
    4,
    9388
  ],
  "publishDelayLatency99pct": [
    6,
    9562
  ],
  "publishDelayLatency999pct": [
    11,
    9598
  ],
  "publishDelayLatency9999pct": [
    19,
    9609
  ],
  "publishDelayLatencyMax": [
    19,
    9612
  ],
  "aggregatedPublishLatencyAvg": 873.824324492359,
  "aggregatedPublishLatency50pct": 693,
  "aggregatedPublishLatency75pct": 1165,
  "aggregatedPublishLatency95pct": 2221,
  "aggregatedPublishLatency99pct": 5933,
  "aggregatedPublishLatency999pct": 7848,
  "aggregatedPublishLatency9999pct": 7890,
  "aggregatedPublishLatencyMax": 7892,
  "aggregatedPublishDelayLatencyAvg": 5258.278635810592,
  "aggregatedPublishDelayLatency50pct": 7839,
  "aggregatedPublishDelayLatency75pct": 9026,
  "aggregatedPublishDelayLatency95pct": 11006,
  "aggregatedPublishDelayLatency99pct": 12739,
  "aggregatedPublishDelayLatency999pct": 13839,
  "aggregatedPublishDelayLatency9999pct": 13893,
  "aggregatedPublishDelayLatencyMax": 13901,
  "aggregatedPublishLatencyQuantiles": {
    "50": 693,
    "75": 1165,
    "90": 1848,
    "95": 2221,
    "99": 5933,
    "99.9": 7848,
    "99.99": 7890
  },
  "aggregatedPublishDelayLatencyQuantiles": {
    "50": 7839,
    "75": 9026,
    "90": 10638,
    "95": 11006,
    "99": 12739,
    "99.9": 13839,
    "99.99": 13893
  },
  "endToEndLatencyAvg": [
    198.59445243073705,
    960.5623492364679
  ],
  "endToEndLatency50pct": [
    87,
    407
  ],
  "endToEndLatency75pct": [
    326,
    1053
  ],
  "endToEndLatency95pct": [
    669,
    4315
  ],
  "endToEndLatency99pct": [
    759,
    8108
  ],
  "endToEndLatency999pct": [
    805,
    8842
  ],
  "endToEndLatency9999pct": [
    826,
    8970
  ],
  "endToEndLatencyMax": [
    828,
    8971
  ],
  "aggregatedEndToEndLatencyQuantiles": {
    "50": 908,
    "75": 1425,
    "90": 2178,
    "95": 2710,
    "99": 6771,
    "99.9": 8774,
    "99.99": 8970
  },
  "aggregatedEndToEndLatencyAvg": 1076.1001337962848,
  "aggregatedEndToEndLatency50pct": 908,
  "aggregatedEndToEndLatency75pct": 1425,
  "aggregatedEndToEndLatency95pct": 2710,
  "aggregatedEndToEndLatency99pct": 6771,
  "aggregatedEndToEndLatency999pct": 8774,
  "aggregatedEndToEndLatency9999pct": 8970,
  "aggregatedEndToEndLatencyMax": 8971
}