{
  "workload": "Consumer Scaling Test",
  "driver": "Kafka",
  "messageSize": 1024,
  "topics": 1,
  "partitions": 10,
  "producersPerTopic": 1,
  "consumersPerTopic": 1,
  "publishRate": [
    934.4862560433893,
    1076.1480296088046,
    981.8710787855415,
    959.7873499649453,
    943.1198658744493
  ],
  "publishErrorRate": [
    0.0,
    0.0,
    0.0,
    0.0,
    0.0
  ],
  "consumeRate": [
    937.2862148629949,
    1113.686916252548,
    938.6603686407972,
    974.6324232104606,
    928.7469945985554
  ],
  "backlog": [
    0,
    0,
    29,
    0,
    20
  ],
  "publishLatency50pct": [
    97,
    266,
    220,
    216,
    661
  ],
  "publishLatency75pct": [
    178,
    1094,
    367,
    365,
    1091
  ],
  "publishLatency95pct": [
    408,
    1781,
    759,
    603,
    1457
  ],
  "publishLatency99pct": [
    688,
    2007,
    1023,
    744,
    1913
  ],
  "publishLatency999pct": [
    833,
    2227,
    1496,
    894,
    2106
  ],
  "publishLatency9999pct": [
    943,
    2272,
    1500,
    995,
    2178
  ],
  "publishLatencyMax": [
    962,
    2303,
    1500,
    1006,
    2180
  ],
  "publishDelayLatency50pct": [
    0,
    0,
    0,
    0,
    1
  ],
  "publishDelayLatency75pct": [
    1,
    3,
    4,
    3,
    4
  ],
  "publishDelayLatency95pct": [
    26,
    50,
    59,
    31,
    45
  ],
  "publishDelayLatency99pct": [
    93,
    105,
    110,
    87,
    86
  ],
  "publishDelayLatency999pct": [
    172,
    191,
    142,
    120,
    120
  ],
  "publishDelayLatency9999pct": [
    179,
    201,
    150,
    126,
    128
  ],
  "publishDelayLatencyMax": [
    179,
    202,
    150,
    127,
    129
  ],
  "aggregatedPublishLatencyAvg": 395.68793307842583,
  "aggregatedPublishLatency50pct": 230,
  "aggregatedPublishLatency75pct": 509,
  "aggregatedPublishLatency95pct": 1339,
  "aggregatedPublishLatency99pct": 1825,
  "aggregatedPublishLatency999pct": 2128,
  "aggregatedPublishLatency9999pct": 2236,
  "aggregatedPublishLatencyMax": 2303,
  "aggregatedPublishDelayLatencyAvg": 6.3709238449850565,
  "aggregatedPublishDelayLatency50pct": 0,
  "aggregatedPublishDelayLatency75pct": 3,
  "aggregatedPublishDelayLatency95pct": 42,
  "aggregatedPublishDelayLatency99pct": 93,
  "aggregatedPublishDelayLatency999pct": 163,
  "aggregatedPublishDelayLatency9999pct": 196,
  "aggregatedPublishDelayLatencyMax": 202,
  "aggregatedPublishLatencyQuantiles": {
    "50": 230,
    "75": 509,
    "90": 1083,
    "95": 1339,
    "99": 1825,
    "99.9": 2128,
    "99.99": 2236
  },
  "aggregatedPublishDelayLatencyQuantiles": {
    "50": 0,
    "75": 3,
    "90": 16,
    "95": 42,
    "99": 93,
    "99.9": 163,
    "99.99": 196
  },
  "endToEndLatency50pct": [
    114,
    275,
    257,
    239,
    712
  ],
  "endToEndLatency75pct": [
    204,
    1109,
    422,
    404,
    1144
  ],
  "endToEndLatency95pct": [
    469,
    1812,
    824,
    636,
    1510
  ],
  "endToEndLatency99pct": [
    909,
    2050,
    1074,
    768,
    1943
  ],
  "endToEndLatency999pct": [
    1107,
    2284,
    1505,
    949,
    2202
  ],
  "endToEndLatency9999pct": [
    1202,
    2380,
    1509,
    1002,
    2247
  ],
  "endToEndLatencyMax": [
    1306,
    2384,
    1509,
    1012,
    2254
  ],
  "aggregatedEndToEndLatencyQuantiles": {
    "50": 258,
    "75": 556,
    "90": 1120,
    "95": 1377,
    "99": 1859,
    "99.9": 2205,
    "99.99": 2314
  },
  "aggregatedEndToEndLatencyAvg": 422.893111875904,
  "aggregatedEndToEndLatency50pct": 258,
  "aggregatedEndToEndLatency75pct": 556,
  "aggregatedEndToEndLatency95pct": 1377,
  "aggregatedEndToEndLatency99pct": 1859,
  "aggregatedEndToEndLatency999pct": 2205,
  "aggregatedEndToEndLatency9999pct": 2314,
  "aggregatedEndToEndLatencyMax": 2384
}