{
  "workload": "Slow Consumer High Parallelism Test",
  "driver": "Kafka",
  "messageSize": 1024,
  "topics": 1,
  "partitions": 100,
  "producersPerTopic": 1,
  "consumersPerTopic": 30,
  "publishRate": [
    971.6636260636575,
    1006.9962547959699,
    992.376081459698,
    993.2608741667867,
    976.6407168840918,
    984.3468217517167,
    991.582335802514,
    996.2651188093033,
    1012.8005799722564,
    1053.4915555221867,
    987.9294039355173
  ],
  "publishErrorRate": [
    0.0,
    0.0,
    0.0,
    0.0,
    0.0,
    0.0,
    0.0,
    0.0,
    0.0,
    0.0,
    0.0
  ],
  "consumeRate": [
    529.9801603516913,
    581.6304898706026,
    597.5169582296224,
    596.7920333467574,
    596.907843669609,
    576.8783874301914,
    596.3209396426865,
    596.6254828681325,
    596.7010486875038,
    586.9301752384088,
    620.9053516354508
  ],
  "backlog": [
    4417,
    8805,
    12770,
    16756,
    20573,
    24811,
    28788,
    32807,
    36991,
    41840,
    45564
  ],
  "publishLatency50pct": [
    41,
    50,
    56,
    50,
    34,
    47,
    40,
    41,
    30,
    38,
    47
  ],
  "publishLatency75pct": [
    96,
    97,
    112,
    93,
    66,
    97,
    83,
    79,
    57,
    72,
    97
  ],
  "publishLatency95pct": [
    276,
    296,
    308,
    224,
    154,
    246,
    372,
    200,
    141,
    208,
    239
  ],
  "publishLatency99pct": [
    426,
    507,
    483,
    324,
    261,
    422,
    591,
    322,
    194,
    392,
    397
  ],
  "publishLatency999pct": [
    525,
    597,
    671,
    368,
    293,
    502,
    859,
    368,
    231,
    503,
    499
  ],
  "publishLatency9999pct": [
    525,
    602,
    678,
    377,
    301,
    511,
    870,
    373,
    233,
    513,
    506
  ],
  "publishLatencyMax": [
    525,
    603,
    679,
    378,
    319,
    512,
    870,
    374,
    233,
    514,
    506
  ],
  "publishDelayLatency50pct": [
    0,
    0,
    0,
    0,
    0,
    0,
    0,
    0,
    0,
    0,
    0
  ],
  "publishDelayLatency75pct": [
    1,
    1,
    1,
    1,
    1,
    1,
    1,
    1,
    1,
    1,
    1
  ],
  "publishDelayLatency95pct": [
    8,
    5,
    8,
    7,
    6,
    7,
    8,
    11,
    10,
    7,
    7
  ],
  "publishDelayLatency99pct": [
    38,
    15,
    27,
    21,
    16,
    16,
    24,
    37,
    29,
    16,
    64
  ],
  "publishDelayLatency999pct": [
    71,
    31,
    66,
    57,
    38,
    27,
    56,
    62,
    73,
    28,
    123
  ],
  "publishDelayLatency9999pct": [
    79,
    36,
    74,
    66,
    47,
    31,
    65,
    69,
    80,
    33,
    132
  ],
  "publishDelayLatencyMax": [
    80,
    37,
    75,
    67,
    48,
    31,
    65,
    70,
    81,
    34,
    132
  ],
  "aggregatedPublishLatencyAvg": 69.98508360102133,
  "aggregatedPublishLatency50pct": 43,
  "aggregatedPublishLatency75pct": 84,
  "aggregatedPublishLatency95pct": 240,
  "aggregatedPublishLatency99pct": 419,
  "aggregatedPublishLatency999pct": 619,
  "aggregatedPublishLatency9999pct": 858,
  "aggregatedPublishLatencyMax": 870,
  "aggregatedPublishDelayLatencyAvg": 1.6229470389588996,
  "aggregatedPublishDelayLatency50pct": 0,
  "aggregatedPublishDelayLatency75pct": 1,
  "aggregatedPublishDelayLatency95pct": 7,
  "aggregatedPublishDelayLatency99pct": 25,
  "aggregatedPublishDelayLatency999pct": 72,
  "aggregatedPublishDelayLatency9999pct": 121,
  "aggregatedPublishDelayLatencyMax": 132,
  "aggregatedPublishLatencyQuantiles": {
    "50": 43,
    "75": 84,
    "90": 165,
    "95": 240,
    "99": 419,
    "99.9": 619,
    "99.99": 858
  },
  "aggregatedPublishDelayLatencyQuantiles": {
    "50": 0,
    "75": 1,
    "90": 4,
    "95": 7,
    "99": 25,
    "99.9": 72,
    "99.99": 121
  },
  "endToEndLatency50pct": [
    52106,
    52768,
    54067,
    55752,
    57453,
    59385,
    60805,
    62812,
    64356,
    66250,
    67758
  ],
  "endToEndLatency75pct": [
    59566,
    60803,
    63509,
    66037,
    67755,
    70488,
    72703,
    75532,
    77945,
    80247,
    82496
  ],
  "endToEndLatency95pct": [
    81319,
    82516,
    82793,
    84653,
    88313,
    91303,
    95241,
    98889,
    102676,
    105594,
    108554
  ],
  "endToEndLatency99pct": [
    83448,
    87187,
    91403,
    97120,
    100573,
    105329,
    110070,
    114727,
    118879,
    122072,
    126313
  ],
  "endToEndLatency999pct": [
    86143,
    91399,
    97264,
    101209,
    105558,
    112135,
    117076,
    121821,
    126321,
    129768,
    132990
  ],
  "endToEndLatency9999pct": [
    87192,
    91416,
    97850,
    102669,
    106255,
    112969,
    117678,
    123625,
    128333,
    131436,
    136320
  ],
  "endToEndLatencyMax": [
    87193,
    91416,
    97853,
    103765,
    106255,
    112976,
    118884,
    123634,
    128340,
    131947,
    136677
  ],
  "aggregatedEndToEndLatencyQuantiles": {
    "50": 63735,
    "75": 77970,
    "90": 94070,
    "95": 104746,
    "99": 122281,
    "99.9": 136028,
    "99.99": 141246
  },
  "aggregatedEndToEndLatencyAvg": 66021.81268320413,
  "aggregatedEndToEndLatency50pct": 63735,
  "aggregatedEndToEndLatency75pct": 77970,
  "aggregatedEndToEndLatency95pct": 104746,
  "aggregatedEndToEndLatency99pct": 122281,
  "aggregatedEndToEndLatency999pct": 136028,
  "aggregatedEndToEndLatency9999pct": 141246,
  "aggregatedEndToEndLatencyMax": 142021
}