{
  "workload": "Slow Consumer High Parallelism Test",
  "driver": "Kafka",
  "messageSize": 1024,
  "topics": 1,
  "partitions": 100,
  "producersPerTopic": 1,
  "consumersPerTopic": 1,
  "publishRate": [
    1004.5400523579392,
    999.8254155979823,
    997.8730690600108,
    998.3057386580616,
    975.5705623551596,
    983.1856180322341,
    1004.279255769071,
    982.1640263082422,
    995.473972256545,
    1078.9066367747896,
    996.3581477775663
  ],
  "publishErrorRate": [
    0.0,
    0.0,
    0.0,
    0.0,
    0.0,
    0.0,
    0.0,
    0.0,
    0.0,
    0.0,
    0.0
  ],
  "consumeRate": [
    9.997412941460382,
    19.899003196297787,
    19.919614114382888,
    19.89846000913019,
    19.60748793799939,
    19.523145711521725,
    19.87294460807502,
    19.7201892642956,
    19.798607244561357,
    19.600447575161954,
    19.889373146572837
  ],
  "backlog": [
    9948,
    19797,
    29616,
    39450,
    49201,
    59073,
    68980,
    78741,
    88597,
    99406,
    109225
  ],
  "publishLatency50pct": [
    13,
    12,
    12,
    12,
    14,
    33,
    14,
    12,
    12,
    11,
    11
  ],
  "publishLatency75pct": [
    31,
    29,
    23,
    23,
    36,
    132,
    38,
    22,
    23,
    18,
    22
  ],
  "publishLatency95pct": [
    64,
    64,
    58,
    63,
    67,
    501,
    113,
    64,
    68,
    52,
    49
  ],
  "publishLatency99pct": [
    140,
    126,
    69,
    122,
    152,
    928,
    257,
    173,
    147,
    252,
    62
  ],
  "publishLatency999pct": [
    248,
    167,
    89,
    267,
    261,
    985,
    397,
    298,
    292,
    321,
    73
  ],
  "publishLatency9999pct": [
    252,
    172,
    118,
    276,
    270,
    995,
    403,
    306,
    300,
    331,
    79
  ],
  "publishLatencyMax": [
    252,
    173,
    119,
    277,
    271,
    995,
    403,
    307,
    301,
    332,
    80
  ],
  "publishDelayLatency50pct": [
    0,
    0,
    0,
    0,
    0,
    0,
    0,
    0,
    0,
    0,
    0
  ],
  "publishDelayLatency75pct": [
    1,
    2,
    2,
    2,
    2,
    2,
    1,
    1,
    2,
    1,
    1
  ],
  "publishDelayLatency95pct": [
    11,
    21,
    18,
    15,
    15,
    18,
    12,
    13,
    18,
    8,
    9
  ],
  "publishDelayLatency99pct": [
    33,
    43,
    42,
    34,
    36,
    45,
    87,
    70,
    82,
    24,
    27
  ],
  "publishDelayLatency999pct": [
    50,
    58,
    62,
    93,
    59,
    75,
    147,
    158,
    131,
    46,
    44
  ],
  "publishDelayLatency9999pct": [
    55,
    62,
    71,
    102,
    64,
    84,
    156,
    167,
    140,
    53,
    47
  ],
  "publishDelayLatencyMax": [
    56,
    63,
    72,
    103,
    65,
    85,
    157,
    168,
    141,
    54,
    48
  ],
  "aggregatedPublishLatencyAvg": 29.728659239972316,
  "aggregatedPublishLatency50pct": 12,
  "aggregatedPublishLatency75pct": 29,
  "aggregatedPublishLatency95pct": 86,
  "aggregatedPublishLatency99pct": 335,
  "aggregatedPublishLatency999pct": 895,
  "aggregatedPublishLatency9999pct": 985,
  "aggregatedPublishLatencyMax": 995,
  "aggregatedPublishDelayLatencyAvg": 2.6821545103984707,
  "aggregatedPublishDelayLatency50pct": 0,
  "aggregatedPublishDelayLatency75pct": 2,
  "aggregatedPublishDelayLatency95pct": 14,
  "aggregatedPublishDelayLatency99pct": 42,
  "aggregatedPublishDelayLatency999pct": 120,
  "aggregatedPublishDelayLatency9999pct": 157,
  "aggregatedPublishDelayLatencyMax": 168,
  "aggregatedPublishLatencyQuantiles": {
    "50": 12,
    "75": 29,
    "90": 56,
    "95": 86,
    "99": 335,
    "99.9": 895,
    "99.99": 985
  },
  "aggregatedPublishDelayLatencyQuantiles": {
    "50": 0,
    "75": 2,
    "90": 6,
    "95": 14,
    "99": 42,
    "99.9": 120,
    "99.99": 157
  },
  "endToEndLatency50pct": [
    90352,
    95398,
    100587,
    104684,
    109410,
    114338,
    119239,
    124132,
    129047,
    133961,
    138832
  ],
  "endToEndLatency75pct": [
    90542,
    95993,
    104697,
    110397,
    119252,
    124290,
    133974,
    138907,
    148691,
    153655,
    163404
  ],
  "endToEndLatency95pct": [
    91354,
    100974,
    109549,
    119249,
    129036,
    134110,
    143933,
    153624,
    163443,
    173274,
    183121
  ],
  "endToEndLatency99pct": [
    91359,
    101388,
    110400,
    119372,
    129116,
    138898,
    148748,
    158595,
    168341,
    178098,
    187972
  ],
  "endToEndLatency999pct": [
    91360,
    101393,
    111467,
    119384,
    129178,
    139000,
    148771,
    158685,
    168390,
    178179,
    188007
  ],
  "endToEndLatency9999pct": [
    91360,
    101393,
    111467,
    119385,
    129180,
    139002,
    148774,
    158688,
    168395,
    178196,
    188010
  ],
  "endToEndLatencyMax": [
    91360,
    101393,
    111467,
    119385,
    129180,
    139002,
    148774,
    158688,
    168395,
    178196,
    188010
  ],
  "aggregatedEndToEndLatencyQuantiles": {
    "50": 124128,
    "75": 148667,
    "90": 168349,
    "95": 178196,
    "99": 192931,
    "99.9": 202653,
    "99.99": 202723
  },
  "aggregatedEndToEndLatencyAvg": 127702.98646666667,
  "aggregatedEndToEndLatency50pct": 124128,
  "aggregatedEndToEndLatency75pct": 148667,
  "aggregatedEndToEndLatency95pct": 178196,
  "aggregatedEndToEndLatency99pct": 192931,
  "aggregatedEndToEndLatency999pct": 202653,
  "aggregatedEndToEndLatency9999pct": 202723,
  "aggregatedEndToEndLatencyMax": 202723
}