{
  "workload": "Slow Consumer High Parallelism Test",
  "driver": "Kafka",
  "messageSize": 1024,
  "topics": 1,
  "partitions": 100,
  "producersPerTopic": 1,
  "consumersPerTopic": 5,
  "publishRate": [
    1015.225170696821,
    994.3959579086696,
    1009.2495017669717,
    995.3041781473805,
    992.4124304990704,
    985.0089905201137,
    997.438733645547,
    995.0660482101877,
    1070.463292975096,
    996.0108592610102,
    991.343790955784
  ],
  "publishErrorRate": [
    0.0,
    0.0,
    0.0,
    0.0,
    0.0,
    0.0,
    0.0,
    0.0,
    0.0,
    0.0,
    0.0
  ],
  "consumeRate": [
    99.99262983323362,
    98.66018036597576,
    99.60026663051137,
    99.40119625960057,
    99.15200624428718,
    99.46571650208156,
    98.93262583272634,
    98.76586086453476,
    97.12060360870042,
    99.02673088695667,
    98.95625783148174
  ],
  "backlog": [
    9153,
    18232,
    27365,
    36378,
    45387,
    54290,
    63372,
    72447,
    82469,
    91527,
    100545
  ],
  "publishLatency50pct": [
    23,
    15,
    20,
    19,
    15,
    14,
    13,
    15,
    15,
    13,
    15
  ],
  "publishLatency75pct": [
    50,
    41,
    48,
    47,
    38,
    34,
    32,
    36,
    34,
    31,
    36
  ],
  "publishLatency95pct": [
    131,
    121,
    114,
    108,
    64,
    59,
    60,
    67,
    68,
    59,
    74
  ],
  "publishLatency99pct": [
    245,
    323,
    173,
    176,
    86,
    77,
    125,
    135,
    142,
    71,
    172
  ],
  "publishLatency999pct": [
    352,
    463,
    364,
    222,
    174,
    103,
    263,
    237,
    172,
    137,
    393
  ],
  "publishLatency9999pct": [
    357,
    473,
    491,
    224,
    178,
    107,
    271,
    261,
    179,
    149,
    402
  ],
  "publishLatencyMax": [
    357,
    474,
    492,
    224,
    179,
    108,
    272,
    262,
    179,
    149,
    403
  ],
  "publishDelayLatency50pct": [
    0,
    0,
    0,
    0,
    0,
    0,
    0,
    0,
    0,
    0,
    0
  ],
  "publishDelayLatency75pct": [
    1,
    2,
    2,
    1,
    1,
    2,
    2,
    1,
    2,
    1,
    2
  ],
  "publishDelayLatency95pct": [
    14,
    22,
    19,
    8,
    11,
    13,
    14,
    12,
    13,
    10,
    13
  ],
  "publishDelayLatency99pct": [
    37,
    44,
    147,
    24,
    47,
    30,
    32,
    28,
    29,
    21,
    29
  ],
  "publishDelayLatency999pct": [
    111,
    75,
    237,
    41,
    131,
    46,
    58,
    55,
    52,
    33,
    46
  ],
  "publishDelayLatency9999pct": [
    120,
    83,
    246,
    46,
    139,
    52,
    66,
    60,
    58,
    41,
    53
  ],
  "publishDelayLatencyMax": [
    121,
    84,
    246,
    47,
    140,
    53,
    67,
    61,
    59,
    42,
    53
  ],
  "aggregatedPublishLatencyAvg": 27.704925853120912,
  "aggregatedPublishLatency50pct": 16,
  "aggregatedPublishLatency75pct": 38,
  "aggregatedPublishLatency95pct": 76,
  "aggregatedPublishLatency99pct": 162,
  "aggregatedPublishLatency999pct": 333,
  "aggregatedPublishLatency9999pct": 471,
  "aggregatedPublishLatencyMax": 492,
  "aggregatedPublishDelayLatencyAvg": 2.5151624815969336,
  "aggregatedPublishDelayLatency50pct": 0,
  "aggregatedPublishDelayLatency75pct": 2,
  "aggregatedPublishDelayLatency95pct": 13,
  "aggregatedPublishDelayLatency99pct": 34,
  "aggregatedPublishDelayLatency999pct": 135,
  "aggregatedPublishDelayLatency9999pct": 235,
  "aggregatedPublishDelayLatencyMax": 246,
  "aggregatedPublishLatencyQuantiles": {
    "50": 16,
    "75": 38,
    "90": 59,
    "95": 76,
    "99": 162,
    "99.9": 333,
    "99.99": 471
  },
  "aggregatedPublishDelayLatencyQuantiles": {
    "50": 0,
    "75": 2,
    "90": 6,
    "95": 13,
    "99": 34,
    "99.9": 135,
    "99.99": 235
  },
  "endToEndLatency50pct": [
    83846,
    88392,
    92539,
    97614,
    101697,
    105334,
    109640,
    113653,
    117610,
    121868,
    126121
  ],
  "endToEndLatency75pct": [
    86444,
    92531,
    99102,
    104958,
    111327,
    117439,
    124234,
    130632,
    137944,
    144400,
    151869
  ],
  "endToEndLatency95pct": [
    92120,
    99621,
    104624,
    112698,
    119639,
    128489,
    135648,
    144688,
    153325,
    162249,
    170935
  ],
  "endToEndLatency99pct": [
    93822,
    101974,
    107874,
    116161,
    124066,
    130703,
    140052,
    149238,
    157946,
    167062,
    175809
  ],
  "endToEndLatency999pct": [
    93839,
    104625,
    110928,
    116912,
    124354,
    133361,
    142802,
    151948,
    161304,
    170325,
    179071
  ],
  "endToEndLatency9999pct": [
    93839,
    104625,
    110936,
    116912,
    124425,
    133480,
    142813,
    151960,
    161352,
    170407,
    179190
  ],
  "endToEndLatencyMax": [
    93839,
    104625,
    110937,
    116912,
    124425,
    133481,
    142813,
    151961,
    161354,
    170409,
    179192
  ],
  "aggregatedEndToEndLatencyQuantiles": {
    "50": 113226,
    "75": 135462,
    "90": 157315,
    "95": 167070,
    "99": 181215,
    "99.9": 190161,
    "99.99": 193006
  },
  "aggregatedEndToEndLatencyAvg": 117633.22212307692,
  "aggregatedEndToEndLatency50pct": 113226,
  "aggregatedEndToEndLatency75pct": 135462,
  "aggregatedEndToEndLatency95pct": 167070,
  "aggregatedEndToEndLatency99pct": 181215,
  "aggregatedEndToEndLatency999pct": 190161,
  "aggregatedEndToEndLatency9999pct": 193006,
  "aggregatedEndToEndLatencyMax": 193021
}