{
  "workload": "Slow Consumer High Parallelism Test",
  "driver": "Kafka",
  "messageSize": 1024,
  "topics": 1,
  "partitions": 1,
  "producersPerTopic": 1,
  "consumersPerTopic": 1,
  "publishRate": [
    896.2651692452603,
    1002.3198635844602,
    994.9352616082772,
    999.1392560039988,
    1006.2400174509748,
    991.7981048503989,
    996.883519866462,
    1012.3806578299507,
    988.3451285111813,
    990.326048735923,
    1004.1855232656479
  ],
  "publishErrorRate": [
    0.0,
    0.0,
    0.0,
    0.0,
    0.0,
    0.0,
    0.0,
    0.0,
    0.0,
    0.0,
    0.0
  ],
  "consumeRate": [
    909.7586227802341,
    1036.559054223786,
    946.1531448932325,
    1011.0171352711792,
    1053.3529316694908,
    935.3437496982252,
    1031.2140765622337,
    975.387333289922,
    997.525113551366,
    1001.9006403382774,
    986.7292337482655
  ],
  "backlog": [
    0,
    0,
    10,
    0,
    0,
    0,
    0,
    11,
    0,
    0,
    0
  ],
  "publishLatency50pct": [
    29,
    24,
    26,
    28,
    29,
    30,
    30,
    30,
    31,
    32,
    33
  ],
  "publishLatency75pct": [
    55,
    53,
    57,
    62,
    67,
    68,
    67,
    73,
    80,
    81,
    91
  ],
  "publishLatency95pct": [
    256,
    246,
    256,
    316,
    325,
    334,
    318,
    358,
    370,
    357,
    422
  ],
  "publishLatency99pct": [
    459,
    440,
    467,
    476,
    501,
    524,
    501,
    655,
    776,
    718,
    905
  ],
  "publishLatency999pct": [
    495,
    492,
    567,
    588,
    694,
    714,
    711,
    1388,
    1429,
    1424,
    1419
  ],
  "publishLatency9999pct": [
    501,
    501,
    588,
    614,
    729,
    731,
    730,
    1463,
    1469,
    1468,
    1467
  ],
  "publishLatencyMax": [
    501,
    501,
    596,
    617,
    733,
    733,
    733,
    1477,
    1477,
    1477,
    1477
  ],
  "publishDelayLatency50pct": [
    0,
    0,
    0,
    0,
    0,
    0,
    0,
    0,
    0,
    0,
    0
  ],
  "publishDelayLatency75pct": [
    1,
    1,
    1,
    2,
    1,
    1,
    1,
    1,
    1,
    1,
    1
  ],
  "publishDelayLatency95pct": [
    9,
    10,
    10,
    10,
    11,
    10,
    10,
    11,
    11,
    11,
    11
  ],
  "publishDelayLatency99pct": [
    32,
    34,
    34,
    35,
    40,
    40,
    39,
    47,
    45,
    43,
    44
  ],
  "publishDelayLatency999pct": [
    69,
    72,
    66,
    65,
    79,
    80,
    79,
    201,
    192,
    182,
    172
  ],
  "publishDelayLatency9999pct": [
    83,
    84,
    83,
    82,
    90,
    91,
    91,
    253,
    252,
    251,
    250
  ],
  "publishDelayLatencyMax": [
    85,
    85,
    85,
    85,
    92,
    94,
    94,
    259,
    259,
    259,
    259
  ],
  "aggregatedPublishLatencyAvg": 84.27037429038776,
  "aggregatedPublishLatency50pct": 31,
  "aggregatedPublishLatency75pct": 75,
  "aggregatedPublishLatency95pct": 367,
  "aggregatedPublishLatency99pct": 677,
  "aggregatedPublishLatency999pct": 1377,
  "aggregatedPublishLatency9999pct": 1462,
  "aggregatedPublishLatencyMax": 1477,
  "aggregatedPublishDelayLatencyAvg": 2.4463668070397295,
  "aggregatedPublishDelayLatency50pct": 0,
  "aggregatedPublishDelayLatency75pct": 1,
  "aggregatedPublishDelayLatency95pct": 11,
  "aggregatedPublishDelayLatency99pct": 42,
  "aggregatedPublishDelayLatency999pct": 135,
  "aggregatedPublishDelayLatency9999pct": 247,
  "aggregatedPublishDelayLatencyMax": 259,
  "aggregatedPublishLatencyQuantiles": {
    "50": 31,
    "75": 75,
    "90": 242,
    "95": 367,
    "99": 677,
    "99.9": 1377,
    "99.99": 1462
  },
  "aggregatedPublishDelayLatencyQuantiles": {
    "50": 0,
    "75": 1,
    "90": 5,
    "95": 11,
    "99": 42,
    "99.9": 135,
    "99.99": 247
  },
  "endToEndLatency50pct": [
    82,
    79,
    83,
    85,
    87,
    88,
    87,
    88,
    89,
    90,
    91
  ],
  "endToEndLatency75pct": [
    110,
    107,
    114,
    121,
    131,
    132,
    132,
    137,
    143,
    143,
    153
  ],
  "endToEndLatency95pct": [
    346,
    297,
    323,
    421,
    458,
    467,
    451,
    508,
    521,
    500,
    637
  ],
  "endToEndLatency99pct": [
    523,
    510,
    531,
    711,
    793,
    838,
    816,
    986,
    1053,
    1039,
    1122
  ],
  "endToEndLatency999pct": [
    567,
    564,
    637,
    853,
    1157,
    1188,
    1176,
    1475,
    1500,
    1495,
    1487
  ],
  "endToEndLatency9999pct": [
    575,
    575,
    642,
    888,
    1238,
    1242,
    1241,
    1556,
    1561,
    1560,
    1559
  ],
  "endToEndLatencyMax": [
    575,
    575,
    650,
    888,
    1246,
    1246,
    1246,
    1569,
    1569,
    1569,
    1569
  ],
  "aggregatedEndToEndLatencyQuantiles": {
    "50": 89,
    "75": 138,
    "90": 333,
    "95": 503,
    "99": 1003,
    "99.9": 1468,
    "99.99": 1560
  },
  "aggregatedEndToEndLatencyAvg": 143.76329792659428,
  "aggregatedEndToEndLatency50pct": 89,
  "aggregatedEndToEndLatency75pct": 138,
  "aggregatedEndToEndLatency95pct": 503,
  "aggregatedEndToEndLatency99pct": 1003,
  "aggregatedEndToEndLatency999pct": 1468,
  "aggregatedEndToEndLatency9999pct": 1560,
  "aggregatedEndToEndLatencyMax": 1691,
  "aggregatedPublishRateAvg": 43066279.43189898,
  "aggregatedConsumeRateAvg": 42386121.2473778,
  "aggregatedPublishThroughputAvg": 42056.91350771385,
  "aggregatedConsumeThroughputAvg": 41392.69653064238,
  "aggregatedMessagesSent": 117265,
  "aggregatedMessagesReceived": 115413
}