{
  "workload": "Slow Consumer High Parallelism Test",
  "driver": "Kafka",
  "messageSize": 1024,
  "topics": 1,
  "partitions": 100,
  "producersPerTopic": 1,
  "consumersPerTopic": 60,
  "publishRate": [
    903.3271119806577,
    991.7107055794561,
    985.7501264331846,
    948.6899872996967,
    1102.8804191350848,
    966.2149943469303,
    1006.8064347735857,
    1095.1275923023613,
    1000.4850795972035,
    971.9464883604726,
    1014.1197876219616
  ],
  "publishErrorRate": [
    0.0,
    0.0,
    0.0,
    0.0,
    0.0,
    0.0,
    0.0,
    0.0,
    0.0,
    0.0,
    0.0
  ],
  "consumeRate": [
    860.5305651655458,
    942.9721512746821,
    1043.4782610423651,
    926.614209107264,
    1060.8488525429232,
    943.8308838816006,
    984.3246390756477,
    1015.2072342910062,
    988.1432421648464,
    977.2212337918779,
    990.0875717382448
  ],
  "backlog": [
    428,
    920,
    339,
    572,
    994,
    1224,
    1450,
    2254,
    2378,
    2325,
    2567
  ],
  "publishLatency50pct": [
    80,
    148,
    53,
    68,
    63,
    55,
    51,
    87,
    64,
    61,
    57
  ],
  "publishLatency75pct": [
    212,
    302,
    100,
    153,
    151,
    97,
    90,
    200,
    146,
    112,
    101
  ],
  "publishLatency95pct": [
    690,
    1032,
    195,
    432,
    382,
    211,
    186,
    396,
    366,
    324,
    257
  ],
  "publishLatency99pct": [
    884,
    1368,
    279,
    676,
    567,
    285,
    266,
    546,
    630,
    465,
    521
  ],
  "publishLatency999pct": [
    1251,
    1490,
    346,
    865,
    668,
    386,
    312,
    629,
    730,
    668,
    654
  ],
  "publishLatency9999pct": [
    1258,
    1490,
    360,
    869,
    688,
    395,
    320,
    637,
    740,
    734,
    659
  ],
  "publishLatencyMax": [
    1258,
    1490,
    365,
    869,
    688,
    396,
    321,
    639,
    741,
    734,
    659
  ],
  "publishDelayLatency50pct": [
    0,
    0,
    0,
    0,
    0,
    0,
    0,
    0,
    0,
    0,
    0
  ],
  "publishDelayLatency75pct": [
    1,
    1,
    1,
    1,
    1,
    1,
    1,
    1,
    1,
    1,
    1
  ],
  "publishDelayLatency95pct": [
    6,
    6,
    7,
    5,
    4,
    5,
    5,
    6,
    6,
    6,
    5
  ],
  "publishDelayLatency99pct": [
    16,
    23,
    25,
    13,
    9,
    14,
    14,
    27,
    15,
    21,
    11
  ],
  "publishDelayLatency999pct": [
    38,
    87,
    46,
    26,
    26,
    31,
    33,
    80,
    44,
    52,
    26
  ],
  "publishDelayLatency9999pct": [
    45,
    96,
    50,
    30,
    34,
    38,
    37,
    90,
    53,
    61,
    31
  ],
  "publishDelayLatencyMax": [
    46,
    96,
    51,
    30,
    35,
    39,
    38,
    91,
    53,
    62,
    32
  ],
  "aggregatedPublishLatencyAvg": 117.05475130684681,
  "aggregatedPublishLatency50pct": 67,
  "aggregatedPublishLatency75pct": 144,
  "aggregatedPublishLatency95pct": 393,
  "aggregatedPublishLatency99pct": 732,
  "aggregatedPublishLatency999pct": 1363,
  "aggregatedPublishLatency9999pct": 1490,
  "aggregatedPublishLatencyMax": 1490,
  "aggregatedPublishDelayLatencyAvg": 1.2613858769705928,
  "aggregatedPublishDelayLatency50pct": 0,
  "aggregatedPublishDelayLatency75pct": 1,
  "aggregatedPublishDelayLatency95pct": 6,
  "aggregatedPublishDelayLatency99pct": 17,
  "aggregatedPublishDelayLatency999pct": 50,
  "aggregatedPublishDelayLatency9999pct": 88,
  "aggregatedPublishDelayLatencyMax": 96,
  "aggregatedPublishLatencyQuantiles": {
    "50": 67,
    "75": 144,
    "90": 271,
    "95": 393,
    "99": 732,
    "99.9": 1363,
    "99.99": 1490
  },
  "aggregatedPublishDelayLatencyQuantiles": {
    "50": 0,
    "75": 1,
    "90": 3,
    "95": 6,
    "99": 17,
    "99.9": 50,
    "99.99": 88
  },
  "endToEndLatency50pct": [
    3128,
    2249,
    2543,
    2019,
    1970,
    1883,
    2068,
    1683,
    1981,
    2116,
    2255
  ],
  "endToEndLatency75pct": [
    21554,
    20367,
    22084,
    19016,
    20316,
    19820,
    21064,
    18932,
    20381,
    20198,
    19854
  ],
  "endToEndLatency95pct": [
    40500,
    34967,
    36148,
    31734,
    36377,
    36134,
    37238,
    36601,
    37535,
    37373,
    37204
  ],
  "endToEndLatency99pct": [
    63853,
    62678,
    63676,
    64292,
    64770,
    64599,
    64515,
    63933,
    63858,
    63430,
    62561
  ],
  "endToEndLatency999pct": [
    66936,
    67329,
    67326,
    67533,
    67830,
    67811,
    67805,
    67629,
    67627,
    67538,
    67509
  ],
  "endToEndLatency9999pct": [
    66937,
    67397,
    67545,
    68047,
    69922,
    69922,
    69921,
    69918,
    69917,
    69915,
    69913
  ],
  "endToEndLatencyMax": [
    66945,
    67399,
    67545,
    68301,
    69981,
    69981,
    69981,
    69981,
    69981,
    69981,
    69981
  ],
  "aggregatedEndToEndLatencyQuantiles": {
    "50": 2298,
    "75": 21142,
    "90": 31107,
    "95": 37346,
    "99": 63901,
    "99.9": 67545,
    "99.99": 69916
  },
  "aggregatedEndToEndLatencyAvg": 11075.167996415517,
  "aggregatedEndToEndLatency50pct": 2298,
  "aggregatedEndToEndLatency75pct": 21142,
  "aggregatedEndToEndLatency95pct": 37346,
  "aggregatedEndToEndLatency99pct": 63901,
  "aggregatedEndToEndLatency999pct": 67545,
  "aggregatedEndToEndLatency9999pct": 69916,
  "aggregatedEndToEndLatencyMax": 69981
}