{
  "workload": "Slow Consumer High Parallelism Test",
  "driver": "Kafka",
  "messageSize": 1024,
  "topics": 1,
  "partitions": 100,
  "producersPerTopic": 1,
  "consumersPerTopic": 50,
  "publishRate": [
    1003.3852481297434,
    990.8562805905095,
    1005.4781026714857,
    1001.8357548220102,
    1000.8410102077065,
    975.1348359582398,
    1023.2732711673376,
    995.4083500165619,
    995.4920828387727,
    1000.2298882631018,
    995.3044762315169
  ],
  "publishErrorRate": [
    0.0,
    0.0,
    0.0,
    0.0,
    0.0,
    0.0,
    0.0,
    0.0,
    0.0,
    0.0,
    0.0
  ],
  "consumeRate": [
    546.5919639502868,
    990.3585629490635,
    977.4900544445726,
    975.6081215830905,
    977.5285678039037,
    1006.2889855606619,
    983.107777032689,
    989.0447365512678,
    964.1340822293513,
    1000.1301843268714,
    974.3182421468912
  ],
  "backlog": [
    4568,
    4573,
    4854,
    5117,
    5351,
    5038,
    5441,
    5505,
    5820,
    5821,
    6032
  ],
  "publishLatency50pct": [
    68,
    51,
    45,
    47,
    58,
    79,
    66,
    51,
    58,
    48,
    58
  ],
  "publishLatency75pct": [
    203,
    118,
    78,
    89,
    129,
    182,
    153,
    107,
    125,
    92,
    122
  ],
  "publishLatency95pct": [
    568,
    273,
    159,
    193,
    398,
    615,
    440,
    295,
    333,
    239,
    364
  ],
  "publishLatency99pct": [
    702,
    436,
    210,
    239,
    582,
    902,
    649,
    435,
    520,
    363,
    656
  ],
  "publishLatency999pct": [
    957,
    529,
    274,
    293,
    913,
    996,
    757,
    557,
    645,
    465,
    863
  ],
  "publishLatency9999pct": [
    962,
    640,
    283,
    371,
    916,
    1009,
    801,
    575,
    709,
    473,
    935
  ],
  "publishLatencyMax": [
    962,
    641,
    284,
    372,
    923,
    1010,
    801,
    576,
    710,
    473,
    936
  ],
  "publishDelayLatency50pct": [
    0,
    0,
    0,
    0,
    0,
    0,
    0,
    0,
    0,
    0,
    0
  ],
  "publishDelayLatency75pct": [
    1,
    1,
    1,
    1,
    2,
    2,
    1,
    1,
    1,
    1,
    2
  ],
  "publishDelayLatency95pct": [
    9,
    6,
    6,
    8,
    13,
    24,
    8,
    12,
    11,
    10,
    15
  ],
  "publishDelayLatency99pct": [
    29,
    17,
    14,
    21,
    38,
    220,
    30,
    32,
    33,
    35,
    36
  ],
  "publishDelayLatency999pct": [
    50,
    25,
    22,
    38,
    57,
    307,
    46,
    45,
    48,
    77,
    49
  ],
  "publishDelayLatency9999pct": [
    58,
    29,
    26,
    45,
    65,
    316,
    53,
    50,
    53,
    86,
    55
  ],
  "publishDelayLatencyMax": [
    59,
    29,
    27,
    46,
    65,
    317,
    54,
    51,
    54,
    86,
    56
  ],
  "aggregatedPublishLatencyAvg": 95.79875253313844,
  "aggregatedPublishLatency50pct": 55,
  "aggregatedPublishLatency75pct": 116,
  "aggregatedPublishLatency95pct": 346,
  "aggregatedPublishLatency99pct": 617,
  "aggregatedPublishLatency999pct": 912,
  "aggregatedPublishLatency9999pct": 994,
  "aggregatedPublishLatencyMax": 1010,
  "aggregatedPublishDelayLatencyAvg": 2.4894189561808577,
  "aggregatedPublishDelayLatency50pct": 0,
  "aggregatedPublishDelayLatency75pct": 1,
  "aggregatedPublishDelayLatency95pct": 11,
  "aggregatedPublishDelayLatency99pct": 36,
  "aggregatedPublishDelayLatency999pct": 200,
  "aggregatedPublishDelayLatency9999pct": 305,
  "aggregatedPublishDelayLatencyMax": 317,
  "aggregatedPublishLatencyQuantiles": {
    "50": 55,
    "75": 116,
    "90": 227,
    "95": 346,
    "99": 617,
    "99.9": 912,
    "99.99": 994
  },
  "aggregatedPublishDelayLatencyQuantiles": {
    "50": 0,
    "75": 1,
    "90": 5,
    "95": 11,
    "99": 36,
    "99.9": 200,
    "99.99": 305
  },
  "endToEndLatency50pct": [
    14183,
    17025,
    17835,
    17725,
    19205,
    18633,
    19138,
    19223,
    18994,
    19055,
    18433
  ],
  "endToEndLatency75pct": [
    27091,
    28636,
    28661,
    28574,
    29748,
    29265,
    29602,
    29735,
    29740,
    29815,
    29400
  ],
  "endToEndLatency95pct": [
    38160,
    39267,
    39714,
    40237,
    41271,
    41389,
    41821,
    42167,
    42516,
    42982,
    43379
  ],
  "endToEndLatency99pct": [
    51272,
    54645,
    55239,
    55664,
    55964,
    55697,
    55696,
    55262,
    55230,
    55412,
    55696
  ],
  "endToEndLatency999pct": [
    56256,
    56249,
    57638,
    58959,
    59086,
    59074,
    58765,
    58755,
    58715,
    59076,
    59315
  ],
  "endToEndLatency9999pct": [
    56261,
    56261,
    58957,
    60162,
    60407,
    60405,
    60405,
    60168,
    60168,
    60165,
    60381
  ],
  "endToEndLatencyMax": [
    56262,
    56262,
    58959,
    60168,
    60411,
    60411,
    60411,
    60411,
    60411,
    60411,
    60411
  ],
  "aggregatedEndToEndLatencyQuantiles": {
    "50": 18868,
    "75": 29636,
    "90": 38416,
    "95": 42532,
    "99": 55668,
    "99.9": 59314,
    "99.99": 61751
  },
  "aggregatedEndToEndLatencyAvg": 19848.72227227482,
  "aggregatedEndToEndLatency50pct": 18868,
  "aggregatedEndToEndLatency75pct": 29636,
  "aggregatedEndToEndLatency95pct": 42532,
  "aggregatedEndToEndLatency99pct": 55668,
  "aggregatedEndToEndLatency999pct": 59314,
  "aggregatedEndToEndLatency9999pct": 61751,
  "aggregatedEndToEndLatencyMax": 64492
}